SMILES,He,H2,O2,N2,CO2,CH4
*CC(*)F,0.113943352,-0.568636236,-1.397940009,-2.045757491,-0.939412874,-2.0
*/C(=C(\*)c1ccc2c(c1)C1(CC1)c1ccccc1-2)c1ccccc1,2.865898395,3.23006536,2.917677075,2.672900166,3.566832012,3.059565958
*COC(=O)Nc1ccc(Cc2ccc(NC(=O)OCc3cccc(*)n3)cc2)cc1,-0.149347903,-0.202552834,-1.420216403,-2.207608311,-0.835478142,-2.251266843
*c1c(C)cc(-c2cc(C)c(N3C(=O)c4cc5c(cc4C3=O)C3(C(C)C)c4ccccc4C5(C(C)C)c4cc5c(cc43)C(=O)N(*)C5=O)c3ccccc23)c2ccccc12,2.957356644,3.336996853,2.738538912,2.159031668,3.462686475,2.277365688
*c1ccc2c(c1)C(=O)N(c1c(C)cc(-c3cc(C)c(N4C(=O)c5ccc(C(*)(C(F)(F)F)C(F)(F)F)cc5C4=O)c(C(C)C)c3)cc1C(C)C)C2=O,2.290245586,2.549815034,1.926342447,1.418331345,2.553890117,1.607983602
*c1ccc(-c2ccc(Oc3ccc(C4(c5ccc(Oc6ccc(-c7ccc(N8C(=O)c9ccc(C(=O)c%10ccc%11c(c%10)C(=O)N(*)C%11=O)cc9C8=O)cc7)cc6C(F)(F)F)cc5)c5ccccc5C(=O)N4c4ccccc4)cc3)c(C(F)(F)F)c2)cc1,1.595942118,1.678196122,0.636487896,-0.080921908,1.232742063,-0.207608311
*c1ccc(-c2ccc(Oc3ccc4c(c3)C3(CC4(C)C)CC(C)(C)c4ccc(Oc5ccc(-c6ccc(N7C(=O)c8ccc(Oc9ccc%10c(c9)C(=O)N(*)C%10=O)cc8C7=O)cc6)cc5C(F)(F)F)cc43)c(C(F)(F)F)c2)cc1,2.273841963,2.247091443,1.116275588,0.049218023,1.354876423,-0.387216143
*Oc1c(C)cc(C2(c3cc(C)c(OC(=O)c4cc(C(*)=O)cc(C(C)(C)C)c4)c(C)c3)CC(C)CC(C)(C)C2)cc1C,2.007446554,2.231351153,1.540329475,1.003447065,2.163593108,1.167684523
*Cc1ccc(C*)c(Cl)c1,-0.004364805,-0.180456064,-1.522878745,-2.251811973,-1.337242168,-2.506574547
*CC(*)OC1CCCCC1,1.295271059,1.417387078,0.567026366,-0.004364805,1.133538908,0.093786374
*c1ccc2c(c1)C(=O)N(c1cc(C(=O)Oc3ccc(C(c4ccc(OC(=O)c5ccc(C)c(N6C(=O)c7ccc(C(*)(C(F)(F)F)C(F)(F)F)cc7C6=O)c5)cc4)(C(F)(F)F)C(F)(F)F)cc3)ccc1C)C2=O,1.530906717,1.735052047,0.944482672,0.377117857,1.672097858,0.547048324
*c1ccc2c(c1)C(=O)N(c1ccc(Cc3ccc(N4C(=O)c5ccc(C(*)(C(F)(F)F)C(F)(F)F)cc5C4=O)c(C(C)C)c3)cc1C(C)C)C2=O,1.548451587,1.714470604,0.913813852,0.330072071,1.530124309,0.453060219
*CCc1cc(Cl)c(*)c(Cl)c1,0.365085933,0.382408461,-0.742405911,-1.567704585,-0.106829947,-1.584612864
*CN1CN(*)Cc2cc3c(cc21)C1c2ccccc2C3c2cc(*)c(*)cc21,3.301196003,3.752252904,3.165149632,2.449949145,3.735274666,2.54281719
*/C=C/CC*,1.99844909,2.365488893,1.857272999,1.502273814,2.578563826,1.868628677
*CC(CS(=O)(=O)C(C)C)O*,0.295107178,0.303062217,-0.796967113,-1.508664398,-0.199643191,-1.498312762
*c1cccc(N2C(=O)c3ccc(Oc4ccc(C5(c6ccc(Oc7ccc8c(c7)C(=O)N(*)C8=O)c(C)c6)CCCCC5)cc4C)cc3C2=O)c1,0.495908525,0.529187378,-0.522878745,-1.214075969,0.077487056,-1.185678564
*Oc1ccc(-c2c(-c3ccc(C)cc3)c(-c3ccc(C)cc3)c(-c3ccc4c(c3)Oc3c(C#N)c(*)c(*)c(C#N)c3O4)c(-c3ccc(C)cc3)c2-c2ccc(C)cc2)cc1O*,2.591359079,2.906223774,2.402140283,1.842422971,3.20870803,2.13203854
*CC(CCl)O*,0.740362689,0.949390007,0.021189299,-0.356547324,0.721086548,-0.16181288
*CCc1ccc(*)c(Cl)c1,0.121281764,0.079180377,-1.325879851,-2.16650047,-0.896315546,-2.394220114
*CC(*)(C)C(=O)OCC,0.938707454,1.031234081,0.06069784,-0.657577319,0.698970004,-0.606159179
*c1ccc2c(c1)C(=O)N(c1ccc(S(=O)(=O)c3ccc(N4C(=O)c5ccc(C(*)(C(F)(F)F)C(F)(F)F)cc5C4=O)cc3)cc1)C2=O,1.682953453,1.739000589,0.568201724,-0.214670165,1.204119983,-0.468521083
*c1ccc2c(c1)C(=O)N(c1ccc(Cc3ccc(N4C(=O)c5ccc(C(*)(C(F)(F)F)C(F)(F)F)cc5C4=O)c(C(C)(C)C)c3)cc1C(C)(C)C)C2=O,1.815812052,2.015548903,1.278753601,0.722306984,1.899114221,0.869322487
*/C(=C(\*)c1cccc(O[Si](C)(C)C(C)(C)C)c1)c1ccc(C(C)(C)C)cc1,3.204119983,3.591064607,3.322219295,3.113943352,3.857332496,3.51851394
*C(=O)Nc1ccc(Oc2ccc(NC(=O)c3ccc(N4C(=O)c5ccc(*)cc5C4=O)cc3)cc2)cc1,0.72427587,0.812406292,-0.150135534,-0.791058354,0.471879566,-0.705269349
*Oc1cc2c(cc1O*)C1(CC2(C)C)CC(C)(C)c2cc3c(cc21)Oc1c(CN)c(*)c(*)c(CN)c1O3,2.99555577,3.390302464,2.890040419,2.311728272,3.303216407,2.485477532
*CCOC(=O)c1ccc(C(=O)O*)cc1,0.255184267,0.223560202,-0.918430801,-1.608921711,-0.349601196,-1.632542942
*C=CC1CCC(*)C1,1.098602377,1.322219295,0.447158031,0.176091259,1.187520721,0.397940009
*Oc1cc2c(cc1O*)C1(C)c3cc4c(cc3C2(C)c2cc3cc5c(cc3cc21)C(C)(C)CCC5(C)C)Oc1c(C#N)c(*)c(*)c(C#N)c1O4,3.693453469,4.12344165,3.771665807,3.248847441,4.441522544,3.454010596
*c1ccc2c(c1)C(=O)N(c1cccc(S(=O)(=O)c3cccc(N4C(=O)c5ccc(C(*)(C(F)(F)F)C(F)(F)F)cc5C4=O)c3)c1)C2=O,1.272278055,1.210623482,-0.13667714,-1.096910013,0.361727836,-1.508638306
*CC(COc1ccc(O*)cc1)OC(C)=O,-0.389135761,-0.467473173,-1.730940079,-2.512492584,-1.143981546,-2.563633015
*CC(*)C,1.03716635,1.129121989,0.209830774,-0.41587539,0.755947491,-0.345261455
*C=C(*)c1cccc(O[Si](C)(C)C(C)(C)C)c1,1.681241237,1.806179974,1.230448921,0.880813592,1.763427994,1.079181246
*CC(=O)Nc1ccc(Oc2cccc(Oc3ccc(NC(=O)c4ccc5c(c4)C(=O)N(*)C5=O)cc3)c2)cc1,0.51851394,0.469236368,-0.651585639,-1.387348248,-0.167491087,-1.460282523
*CC(*)OC(=O)c1ccccc1,1.025690925,1.123857194,0.197705815,-0.440230074,0.800717078,-0.366511889
*/C(=C(\*)c1ccc2c(c1)C(C)(C)c1ccccc1-2)c1cc(F)cc(F)c1,3.322219295,3.698970004,3.431363764,3.230448921,3.963787827,3.62324929
*CC(COc1ccc(C(C)(C)c2ccc(O*)cc2)cc1)OC(=O)c1ccccc1,0.343479597,0.357535064,-0.730940079,-1.437698963,-0.132883378,-1.423000158
*C1C(*)C2CC1C1CC([Si](C)(C)C)C21,2.968482949,3.31386722,2.995635195,2.591064607,3.72427587,3.004321374
*c1ccc2c(c1)C(=O)N(c1cc(C(=O)Nc3ccc(C(c4ccc(NC(=O)c5ccc(C)c(N6C(=O)c7ccc(C(*)(C(F)(F)F)C(F)(F)F)cc7C6=O)c5)cc4)(C(F)(F)F)C(F)(F)F)cc3)ccc1C)C2=O,1.513361294,1.714218516,0.919078092,0.349438182,1.643452676,0.51649865
*CN1CN(*)Cc2cc3c(cc21)C1(CC(C)(C)c2cc(*)c(*)cc21)CC3(C)C,2.938490902,3.333352568,2.837448933,2.348963223,3.448483451,2.630869274
*C=Cc1ccc(*)cc1[Si](C)(C)CCCCCCCC,1.614504413,1.826061369,1.079181246,0.591064607,1.77815125,0.785120785
*CC(*)OC(=O)c1ccc(C(C)C)cc1,1.413973102,1.563476048,0.730864626,0.133588963,1.346352974,0.245027803
*CC(*)(C)C(=O)OC,0.651102087,0.5662677,-0.46408845,-1.471161462,-0.111544402,-1.55745952
*c1cccc2c(-n3c(=O)c4cc5oc6cc7c(cc6oc5cc4c3=O)C3(CC(C)(C)c4cc5oc6cc8c(=O)n(*)c(=O)c8cc6oc5cc43)CC7(C)C)cccc12,2.278753601,2.544068044,1.886490725,1.278753601,2.707570176,1.431363764
*CC(O)COc1ccc(C(C)(c2ccccc2)c2ccc(O*)cc2)cc1,-0.077064526,-0.11604546,-1.304971347,-2.054664108,-0.713285341,-2.077759083
*OC1C(CO)OC(*)C(O)C1O,-2.236885255,-2.282857843,-3.740130462,-4.560272927,-2.864077852,-4.455570795
*CC(*)(Cl)Cl,-0.692274948,-0.758703342,-2.064609119,-2.819022625,-1.354027397,-2.827067756
*Oc1ccc(C(CCCCC)(CCCCC)c2ccc(OC(*)=O)cc2)cc1,1.270213252,1.401142585,0.534026106,-0.078121377,1.146121615,0.019861836
*/C(=C(\*)c1ccc(C(C)(C)C)cc1)c1ccc(O[Si](C)(C)C(C)(C)C)cc1,2.72427587,3.0,2.672097858,2.322219295,3.361727836,2.73239376
*/C(=C(\*)c1ccc([Si](C)(C)C)cc1)c1ccc(O[Si](C)(C)C(C)(C)C)cc1,2.897627091,3.176091259,2.919078092,2.591064607,3.579783597,3.041392685
*/C(=C(\*)c1ccc2c(c1)C(C)(C)c1ccccc1-2)c1ccc([Si](C)(C)C)cc1,2.698622291,3.016309381,2.657775267,2.300486448,3.278753601,2.719666347
*CCOC(=O)c1ccc(O*)cc1,-1.384351707,-1.739322769,-3.497750458,-5.040457788,-3.169430577,-5.529980675
*Oc1c(C)cc(C(C)(C)c2cc(C)c(OC(*)=O)c(C)c2)cc1C,1.534297683,1.674560002,0.845459719,0.246268431,1.440349645,0.33889608
*C(C)=C(*)[Si](C)(C)CCCCCC,1.715527432,1.913160492,1.176091259,0.672097858,1.807020702,0.839154723
*c1ccc2c(c1)C(=O)N(c1ccc(Cc3ccc(N4C(=O)c5ccc(C(*)(C(F)(F)F)C(F)(F)F)cc5C4=O)c(C(F)(F)F)c3)cc1C(F)(F)F)C2=O,1.403532571,1.551275305,0.716003344,0.117466598,1.330118466,0.227431053
*CN1CN(*)Cc2cc3c(cc21)C1(C)CCC3(C)c2cc(*)c(*)cc21,3.351639921,3.797646427,3.178976208,2.534764066,3.708327157,2.66228137
*NC(CC(C)C)C(*)=O,1.56535284,1.733197265,0.935003151,0.283301229,1.583198774,0.404259732
*CCCS(=O)(=O)CCCCS(=O)(=O)CCCOC(=O)O*,-0.492037695,-0.594537712,-1.886320788,-2.683190543,-1.332080315,-2.756915947
*CC(O)COc1ccc(C(C)(C)c2ccc(O*)c(Cl)c2)cc1Cl,-0.395834342,-0.475016536,-1.740083458,-2.52231983,-1.1532264,-2.574062254
*CC(*)c1ccccc1,1.125635739,1.24133249,0.33057954,-0.283440347,0.965339553,-0.198196082
*c1ccc(-c2ccc(Oc3ccc4c(c3)C3(CC4(C)C)CC(C)(C)c4ccc(Oc5ccc(-c6ccc(N7C(=O)c8ccc(Oc9ccc(C(C)(C)c%10ccc(Oc%11ccc%12c(c%11)C(=O)N(*)C%12=O)cc%10)cc9)cc8C7=O)cc6)cc5C(F)(F)F)cc43)c(C(F)(F)F)c2)cc1,2.22688841,2.212985304,0.996511672,0.008600172,1.377852419,-0.455931956
*c1ccc2c(c1)C(=O)N(c1c(C(C)C)cc(C(c3ccccc3)(c3cc(C(C)C)c(N4C(=O)c5ccc(C(*)(C(F)(F)F)C(F)(F)F)cc5C4=O)c(C(C)C)c3)C(F)(F)F)cc1C(C)C)C2=O,2.273210477,2.530631563,1.903089987,1.39333975,2.530379597,1.581461083
*/C(=C(\*)c1ccc2c(c1)C1(CC1)c1ccccc1-2)c1ccc([Si](C)(C)C)cc1,2.924279286,3.278753601,3.0,2.73239376,3.612783857,3.176091259
*CC1CC(*)OC(C)O1,0.397940009,0.349384461,-0.785434193,-1.524516901,-0.283996656,-1.588970738
*c1ccc(-c2ccc(-n3c(=O)c4cc5oc6cc7c(cc6oc5cc4c3=O)C3(CC(C)(C)c4cc5oc6cc8c(=O)n(*)c(=O)c8cc6oc5cc43)CC7(C)C)cc2C(F)(F)F)c(C(F)(F)F)c1,2.311753861,2.477121255,1.806179974,1.204119983,2.62324929,1.301029996
*CC(*)(C)C#N,-1.296952218,-1.544148941,-3.043639446,-3.942297585,-2.620875854,-4.140386968
*C=Cc1ccc(*)cc1[Si](C)(C)CCCC,1.242102293,1.377596534,0.544068044,0.041392685,1.146128036,0.177320348
*Oc1cc2c(cc1O*)C1(CC2(C)C)CC(C)(C)c2cc3c(cc21)Oc1c(C#N)c(*)c(*)c(C#N)c1O3,3.151327343,3.511354498,3.062485445,2.498809129,3.777662681,2.632203422
*C(C)=C(*)[Si](C)(C)C,3.620488502,4.028191104,3.733584471,3.444648009,4.361736349,3.766272207
*CCOCCOC(=O)c1ccc(-c2ccc(C(=O)O*)cc2)cc1,-0.816953925,-0.949245094,-2.314900215,-3.140129213,-1.73442257,-3.229717133
*/C(=C(\*)c1ccc([Si](C)(C)CCCCCCCC)cc1)c1ccc(C(C)C)cc1,1.938135094,2.155551646,1.462397998,0.959041392,2.079181246,1.130944698
*CC(*)CC(C)C,1.956961005,2.22534954,1.456988386,0.938314949,2.105711498,1.095550388
*c1ccc2c(c1)C(=O)N(c1ccc(C(=O)Nc3ccc(C(c4ccc(NC(=O)c5ccc(N6C(=O)c7ccc(C(*)(C(F)(F)F)C(F)(F)F)cc7C6=O)c(C)c5)cc4)(C(F)(F)F)C(F)(F)F)cc3)cc1C)C2=O,1.406988137,1.602885575,0.785329835,0.208638413,1.531478917,0.376309238
*CC(=O)Nc1ccc(S(=O)(=O)c2ccc(NC(=O)c3ccc4c(c3)C(=O)N(*)C4=O)cc2)cc1,0.431363764,0.505867885,-0.513751373,-1.183095003,0.139879086,-1.100521496
*/C(=C(\*)c1ccc2c(c1)C(C)(C)c1cc([Si](C)(C)C)ccc1-2)c1ccccc1,3.531478917,3.929418926,3.73239376,3.531478917,4.255272505,4.0
*C=CCCC*,2.380211242,2.618048097,2.491361694,2.0,3.301029996,2.633468456
*Oc1cc2c(cc1O*)C(C)(C)CC1(CC(C)(C)c3cc4c(cc3O1)Oc1c(C#N)c(*)c(*)c(C#N)c1O4)O2,2.585863227,2.86619688,2.307711977,1.760569042,3.165206887,1.93106569
*c1ccc2c(c1)C(=O)N(c1ccc(C(C)(C)c3ccc(N4C(=O)c5ccc(C(*)(C(F)(F)F)C(F)(F)F)cc5C4=O)cc3)cc1)C2=O,1.852479994,1.871345289,0.876794976,0.123851641,1.477121255,0.024744148
*CC(*)OCC1CCCCC1,1.00977668,1.10320589,0.190331698,-0.397940009,0.770115295,-0.314108974
*c1cc(C(c2ccc(C)c(-n3c(=O)c4cc5oc6cc7c(cc6oc5cc4c3=O)C3(CC(C)(C)c4cc5oc6cc8c(=O)n(*)c(=O)c8cc6oc5cc43)CC7(C)C)c2)(C(F)(F)F)C(F)(F)F)ccc1C,2.204119983,2.342422681,1.591064607,0.954242509,2.322219295,0.954242509
*CCCCCNC(=O)CCCCC(=O)N*,-0.236254444,-0.255640416,-1.468521083,-2.216570398,-0.769551079,-2.206241538
*Cc1ccc(C*)cc1,0.397940009,0.505149978,-0.619788758,-1.327902142,0.113943352,-1.283543686
*c1ccc(-c2ccc(Oc3ccc(C4(c5ccc(Oc6ccc(-c7ccc(N8C(=O)c9ccc(Oc%10ccc%11c(c%10)C(=O)N(*)C%11=O)cc9C8=O)cc7)cc6C(F)(F)F)cc5)c5ccccc5C(=O)N4c4ccccc4)cc3)c(C(F)(F)F)c2)cc1,1.509977997,1.593538591,0.625312451,-0.017728767,1.164055292,-0.075720714
*c1ccc(Oc2ccc(N3C(=O)c4ccc(Oc5ccc(C(C)(C)c6ccc(Oc7ccc8c(c7)C(=O)N(*)C8=O)cc6)cc5)cc4C3=O)cc2)cc1,0.351054788,0.358632359,-0.744727495,-1.494850022,-0.155074139,-1.499943908
*C(=O)Nc1ccc(C(c2ccc(NC(=O)c3ccc4c(c3)C(=O)N(c3c(C)cc(-c5cc(C)c(N6C(=O)c7ccc(*)cc7C6=O)c(C)c5)cc3C)C4=O)cc2)(C(F)(F)F)C(F)(F)F)cc1,1.534902351,1.756682529,0.973127854,0.413883214,1.748188027,0.604775887
*OC1C(COC(C)=O)OC(*)C(OC(C)=O)C1OC(C)=O,0.786488335,0.909920924,0.006811941,-0.531882275,0.744594997,-0.365625072
*CCOC(=O)c1ccc2cc(C(=O)O*)ccc2c1,-0.278533463,-0.347175547,-1.585642987,-2.357733147,-1.008859488,-2.404004501
*OC1OC(OCC)C(*)C(OCC)C1OCC,1.669719195,1.828058172,1.181769039,0.625502168,1.967841355,0.972676779
*/C(=C(\*)c1ccc([Si](C)(C)CCCCCCCC)cc1)c1ccc(C(C)(C)C)cc1,1.924983692,2.126273092,1.414973348,0.875061263,2.0,1.020270116
*CCCS(=O)(=O)CCCS(=O)(=O)CCCOC(=O)c1cccc(C(=O)O*)c1,-0.775217401,-0.915157986,-2.275161082,-3.101684916,-1.730020323,-3.20292053
*Oc1c(-c2ccccc2)cc(*)cc1-c1ccccc1,1.423964347,1.447158031,0.633468456,-0.055517328,1.505149978,-0.017728767
*/C(=C(\*)c1ccc(C(C)(C)C)cc1)c1ccc(O)cc1,2.278753601,2.531478917,1.913813852,1.361727836,2.72427587,1.662757832
*/C(=C(\*)c1ccc([Si](C)(C)CCCCCCCC)cc1)c1ccccc1,1.960184146,2.20973882,1.531478917,1.041392685,2.230448921,1.249963667
*O[Si](*)(C)C,2.51949998,2.852818957,2.425020214,2.023467107,3.140130498,2.363675941
*CCCCCCCCCCCC(=O)N*,-0.514420523,-1.267622325,-1.597394758,-2.691456928,-2.39184852,-2.714459341
*CC(COc1ccc(C(C)(c2ccccc2)c2ccc(O*)cc2)cc1)OC(C)=O,0.2854702,0.292209884,-0.810121325,-1.522802461,-0.212943391,-1.513316889
*Oc1ccc(C2(c3ccc(OC(=O)c4ccc(C(*)=O)cc4)c(C)c3)CCCCC2)cc1C,0.716447723,0.777539604,-0.22184875,-0.89053085,0.381857933,-0.84231386
*c1ccc2c(c1)C(=O)N(c1c(C)cc(Cc3cc(C)c(N4C(=O)c5ccc(C(*)(C(F)(F)F)C(F)(F)F)cc5C4=O)c(C(C)C)c3)cc1C(C)C)C2=O,1.962198047,2.180396186,1.478566496,0.937064609,2.101144673,1.09723564
*CCCS(=O)(=O)CCCS(=O)(=O)CCCOC(=O)c1ccccc1C(=O)O*,-0.84974855,-0.99954326,-2.377501444,-3.211830049,-1.834755674,-3.32030618
*CC(COc1c(Cl)cc(C(C)(C)c2cc(Cl)c(O*)c(Cl)c2)cc1Cl)OC(C)=O,0.229996042,0.229739671,-0.885842039,-1.604186602,-0.289504466,-1.599686423
*C=Cc1ccc(*)cc1[Si](C)(C)CCCCCCCCCCCCCCCCCCC,1.590130005,1.807792529,1.079181246,0.653212514,1.785329835,0.873219207
*CCCCCCCC(=O)N*,-0.804266352,-1.514420523,-1.762205007,-2.804266352,-2.658664415,-2.748738066
*Oc1ccc(C(=C(Cl)Cl)c2ccc(OC(*)=O)cc2)cc1,1.113943352,1.113943352,0.113943352,-0.585026652,0.875061263,-0.522878745
*CCC[Si](*)(C)C,1.259778955,1.556580573,0.977723605,0.477121255,1.808647121,0.924279286
*Oc1ccc(-c2c(-c3ccc(Br)cc3)c(-c3ccc(Br)cc3)c(-c3ccc4c(c3)Oc3c(C#N)c(*)c(*)c(C#N)c3O4)c(-c3ccc(Br)cc3)c2-c2ccc(Br)cc2)cc1O*,2.349462286,2.665787713,2.089645373,1.498507379,2.920059148,1.753631604
*/C(=C(\*)c1ccc(-c2ccccc2)cc1)c1ccccc1,2.301029996,2.643452676,2.255272505,1.812913357,3.113943352,2.230448921
*/C(=C(\*)c1ccc(S(=O)(=O)O)cc1)c1ccc(S(=O)(=O)O)cc1,1.188451054,1.383583297,0.397940009,-0.552841969,1.322219295,-0.475430636
*CC(*)C#N,-1.658740377,-1.853593502,-3.350066653,-4.082478981,-2.708681082,-4.150302612
*C[Si](*)(C)C,2.009693247,2.397841087,1.995635195,1.602059991,2.832675082,2.113943352
*N=P(*)(Oc1ccccc1)Oc1ccccc1,0.667452953,0.851740915,-0.013228266,-0.608938285,0.674861141,-0.407877061
*N=P(N=P(N=S(*)(=O)NCCCC)(NCCCC)NCCCC)(NCCCC)NCCCC,1.723397432,1.911479527,1.152610163,0.586728822,1.771570822,0.725439137
*Oc1ccc(C2(c3ccc4c(c3)Oc3cc5nc6cc7c(cc6nc5cc3O4)C(C)(C)CC73CC(C)(C)c4cc5nc6cc(*)c(*)cc6nc5cc43)c3ccccc3-c3ccccc32)cc1O*,2.230448921,2.505149978,1.770852012,1.113943352,2.633468456,1.342422681
*Nc1ccc(*)cc1OC,0.791690649,0.781036939,-0.694648631,-1.327902142,0.025305865,-1.568236353
*CC(O)COc1ccc(C(C)(CC)c2ccc(O*)cc2)cc1,-0.087166035,-0.127420908,-1.318759631,-2.069483668,-0.72722665,-2.093486453
*Oc1ccc(Oc2ccc(C(=O)c3ccc(*)cc3)cc2)cc1,2.188736158,2.43550387,1.787784843,1.269410516,2.413794777,1.449940247
*CCCCCC(=O)O*,1.170194869,1.336877264,0.69783702,0.159043929,1.529016081,0.378174425
*CC(C)(COC(=O)Nc1ccc(Cc2ccc(NC(=O)O*)cc2)cc1)CN(C)C,0.145316725,0.120723691,-1.045757491,-1.853871964,-0.466355434,-1.894603423
*C=CC1CC(*)C([Si](C)(C)C[Si](C)(C)C)C1,1.58334988,1.86332286,1.204119983,0.568201724,2.826074803,0.929418926
*c1cc(C(c2ccc(O)c(N3C(=O)c4cc5c(cc4C3=O)C3(C)c4ccccc4C5(C)c4cc5c(cc43)C(=O)N(*)C5=O)c2)(C(F)(F)F)C(F)(F)F)ccc1O,1.904442934,1.918225357,0.86779945,0.065166884,1.539590623,-0.267308575
*CC(=O)Nc1ccc(Oc2ccc(NC(=O)c3ccc4c(c3)C(=O)N(*)C4=O)cc2)cc1,0.556302501,0.506864523,-0.609511355,-1.344196644,-0.13076828,-1.419708896
*CCCCOC(=O)c1ccc(C(=O)O*)cc1,0.269979677,0.176141943,-1.015118456,-1.783434533,-0.553929064,-1.894694373
*/C(=C(\*)c1ccc2c(c1)C(C)(C)c1cc(Br)ccc1-2)c1ccccc1,3.176091259,3.568201724,3.301029996,3.041392685,3.903089987,3.477121255
*c1cc2c(cc1*)C1(C(C)C)c3ccccc3C2(C(C)C)c2cc3c(cc21)Oc1cc2nc(*)c(*)nc2cc1O3,2.396572786,3.043362278,1.785329835,0.850646235,2.682817048,0.861534411
*Oc1c(C)cc(C(C)(C)c2cc(C)c(OC(=O)c3cccc(C(*)=O)c3)c(C)c2)cc1C,1.491361694,1.644737269,0.823149324,0.228034206,1.434806143,0.338211424
*c1cc(CCCCCC)c(*)s1,1.877980604,2.085557764,1.36361198,0.813512229,1.984914372,0.966114742
*/C(=C(\*)c1ccc2c(c1)C(C)(C)c1ccccc1-2)c1ccc(F)c(F)c1,3.698970004,4.041392685,3.819543936,3.707570176,4.414973348,4.079181246
*Oc1cc2c(cc1O*)C1(CC2(C)C)CC(C)(C)c2cc3oc4cc5c(=O)n(-c6ccc(C(c7ccc(N8C(=O)c9cc(*)c(*)cc9C8=O)cc7)(C(F)(F)F)C(F)(F)F)cc6)c(=O)c5cc4oc3cc21,2.278753601,2.556302501,1.929418926,1.361727836,2.716003344,1.431363764
*CC(*)(C)C(=O)OCCCCCCOc1ccc(C(=O)Oc2ccc(OCCCCCC)cc2)cc1,2.55696184,2.85823682,2.313831405,1.85229698,2.955554054,2.084549602
*c1ccc(Oc2ccc(N3C(=O)c4ccc(-c5ccc6c(c5)C(=O)N(*)C6=O)cc4C3=O)cc2)cc1,-1.497750458,1.308543072,-0.60199051,-1.503236356,0.16917462,-0.63311031
*/C(=C(\*)c1ccc(C[Si](C)(C)C)cc1)c1ccccc1,2.380211242,2.62324929,2.146128036,1.643452676,2.806179974,2.079181246
*C(C)=C(*)[Si](C)(C)CC,2.868147441,3.222615248,2.842870869,2.516309381,3.508046147,2.851941195
*C1CCCCC1*,4.464118385,4.964480725,4.785329835,4.301029996,5.40756816,4.594135938
*CCCCCC(=O)N*,-0.709040407,-0.816193924,-2.103222268,-2.770919494,-1.517139802,-2.793799039
*Oc1c(C#N)c2c(c(C#N)c1O*)Oc1cc3c(cc1O2)-c1ccc(C(C)(C)C)cc1C31c2cc(C(C)(C)C)ccc2-c2cc(*)c(*)cc21,3.288159155,3.710216358,3.355587151,2.886893222,4.107421924,3.180296707
*CC(O)COc1ccc(O*)cc1,-0.969322827,-1.120829812,-2.522879614,-3.363664145,-1.944710159,-3.466945269
*c1ccc2c(c1)C(=O)N(c1c(C)cc(-c3cc(C)c(N4C(=O)c5ccc(C(*)(C(F)(F)F)C(F)(F)F)cc5C4=O)c(C)c3)cc1C)C2=O,2.146975201,2.388476282,1.730782276,1.208144521,2.356159586,1.384921246
*Oc1cc2c(cc1O*)C1(CC2(C)C)CC(C)(C)c2cc3c(cc21)Oc1cc2nc4cc5c(cc4nc2cc1O3)C(C)(C)CC51CC(C)(C)c2cc3nc4cc(*)c(*)cc4nc3cc21,2.643452676,2.934498451,2.278753601,1.62324929,3.041392685,1.792391689
*CCc1ccc(*)c(C#N)c1,0.247760863,0.247734884,-1.047639438,-1.832533461,-0.521483164,-1.965101276
*Oc1c(C)cc(C(C)(C)c2cc(C)c(OC(=O)c3ccc(C(*)=O)cc3)c(C)c2)cc1C,1.505149978,1.60511698,0.73895005,0.116980527,1.278753601,0.162681408
*CC(C)(COC(=O)NCCCCCCNC(=O)O*)CN(C)C,0.135426122,0.107662193,-1.065501549,-1.886056648,-0.488454247,-1.932976492
*Oc1ccc(C(CCC)(CCC)c2ccc(OC(*)=O)c(C)c2)cc1C,0.967311838,1.060041136,0.120573931,-0.522497137,0.728080878,-0.451735299
*CC(*)OCC1CC2CC1C1CCCC21,0.878731006,0.925164591,-0.091514981,-0.886056648,0.45484486,-0.901289308
*c1ccc(NC(=O)c2ccc3c(c2)C(=O)N(c2ccc(Oc4ccc(NC(=O)c5ccc6c(c5)C(=O)N(*)C6=O)cc4)cc2)C3=O)cc1,0.742725131,0.64738297,-0.673664139,-1.431798276,-0.080921908,-1.522878745
*c1ccc2c(c1)C(=O)N(c1c(C)cc(-c3cc(C)c(N4C(=O)c5ccc(C(*)(C(F)(F)F)C(F)(F)F)cc5C4=O)c4ccccc34)c3ccccc13)C2=O,2.38066411,2.725108192,2.149219113,1.683509932,2.981365509,1.969648349
*CC/C=C(/*)C,1.924684167,2.190075859,1.597810555,1.334292841,2.406028252,1.657222516
*CCCS(=O)(=O)CCCCS(=O)(=O)CCCOC(=O)c1cccc(C(=O)O*)c1,-0.798120474,-0.941089186,-2.306609796,-3.135532,-1.762205007,-3.238992591
*/C(=C(\*)c1ccc2c(c1)C(C)(C)c1ccccc1-2)c1ccccc1,3.476043159,3.849188409,3.568196661,3.392190547,4.093147,3.79249106
*c1ccc(-c2ccc(Oc3ccc4c(c3)C3(CC4(C)C)CC(C)(C)c4ccc(Oc5ccc(-c6ccc(N7C(=O)c8ccc(C(c9ccc%10c(c9)C(=O)N(*)C%10=O)(C(F)(F)F)C(F)(F)F)cc8C7=O)cc6)cc5C(F)(F)F)cc43)c(C(F)(F)F)c2)cc1,2.629617991,2.617905308,1.557266529,0.525044807,1.724111954,0.08278537
*CC(*)C(=O)OCCCCCCCCCCCCCC,1.723455672,1.983175072,1.756636108,1.344392274,2.472756449,1.813580989
*CC(*)C(=O)OCCCCCCCCCCCCCCCCCCCCCC,1.866287339,2.164352856,1.882524538,1.556302501,2.606381365,1.970346876
*CC(*)OCC,0.204119983,-0.031517051,-1.619788758,-1.744727495,-1.125945595,-2.035099103
*Oc1ccc(-c2c(-c3ccc(C#N)cc3)c(-c3ccc(C#N)cc3)c(-c3ccc4c(c3)Oc3c(C#N)c(*)c(*)c(C#N)c3O4)c(-c3ccc(C#N)cc3)c2-c2ccc(C#N)cc2)cc1O*,2.447927637,2.734185294,2.156683333,1.566001019,2.950092033,1.80067626
*c1ccc(Oc2ccc(-n3c(=O)c4cc5c(=O)n(*)c(=O)c5cc4c3=O)cc2)cc1,0.395088229,0.350940965,-0.777838804,-1.537286904,-0.214472628,-1.587566952
*c1c(C)cc(-c2cc(C)c(N3C(=O)c4cc5c(cc4C3=O)C3(CC(C)(C)c4cc6c(cc43)C(=O)N(*)C6=O)CC5(C)C)c3ccccc23)c2ccccc12,2.72742243,3.117157384,2.717842569,2.227879102,3.55241659,2.482835986
*CN1CN(*)Cc2cc3cc4c(cc3cc21)C1CC4c2cc3cc4c(cc3cc21)CN(*)CN4C*,2.838885528,3.25295832,2.471174389,1.713051356,3.073044853,1.800637924
*OC1C(COCC)OC(*)C(OCC)C1OCC,1.612783857,1.939519253,1.17320354,0.653212514,1.838849091,0.857006012
*N=P(N=P(N=S(*)(=O)NCCCCCCC)(NCCCCCCC)NCCCCCCC)(NCCCCCCC)NCCCCCCC,1.740600044,1.930851625,1.176091259,0.611966154,1.795312515,0.752222446
*c1ccc(Oc2ccc(-c3ccc(-c4ccc(Oc5ccc(N6C(=O)c7ccc(C(c8ccc9c(c8)C(=O)N(*)C9=O)(C(F)(F)F)C(F)(F)F)cc7C6=O)cc5)c(C(F)(F)F)c4)cc3)cc2C(F)(F)F)cc1,2.296347295,2.299268464,1.180985581,0.457881897,1.520090328,0.075546961
*CC(=O)Nc1ccc(Cc2ccc(NC(=O)c3ccc4c(c3)C(=O)N(*)C4=O)cc2)cc1,0.079181246,0.106649287,-0.998236835,-1.704716864,-0.356547324,-1.656931679
*CCOC(=O)c1cccc(C(=O)O*)c1,-0.478916342,-0.574196277,-1.860985815,-2.654121831,-1.291043038,-2.720031987
*Oc1c(C)cc(-c2cc(C)c(Oc3ccc(C(=O)c4ccc(*)c(S(=O)(=O)O)c4)cc3S(=O)(=O)O)c(C)c2)cc1C,0.888421432,1.133609092,0.354344468,-0.277116587,1.276864596,0.055416589
*Oc1c(C#N)c2c(c(C#N)c1O*)Oc1cc3c(cc1O2)-c1ccc(C)cc1C31c2cc(C)ccc2-c2cc(*)c(*)cc21,3.226437322,3.643945633,3.172941607,2.566072188,3.916081948,2.720497023
*c1ccc2c(c1)C(=O)N(c1ccc(-c3ccc(N4C(=O)c5ccc(C(*)(C(F)(F)F)C(F)(F)F)cc5C4=O)c(C)c3)cc1C)C2=O,1.415540441,1.564797534,0.73239376,0.135082912,1.346690786,0.2461265
*CC(*)N1CCCC1=O,-0.366510417,-0.441994461,-1.7000571,-2.479299755,-1.112755823,-2.528406874
*C(=O)Nc1ccc(S(=O)(=O)c2ccc(NC(=O)c3ccc(N4C(=O)c5ccc(*)cc5C4=O)cc3)cc2)cc1,0.531478917,0.595154507,-0.422081149,-1.09437912,0.204119983,-1.031243618
*C(*)(F)F,0.257923777,0.195701295,-0.832299443,-1.516933642,-0.288145603,-1.485176351
*CCCCCCCCCCOC(=O)O*,1.239785828,1.366258627,0.491684243,-0.123832004,1.101575246,-0.029315028
*CC(*)(C)C(=O)OCCO,1.404665908,1.552551572,0.717550319,0.119129276,1.33168261,0.229195583
*NC(CCC(=O)O)C(*)=O,-1.084473556,-0.920818754,-3.22184875,-4.0,-2.22184875,-4.442741752
*Oc1ccc(C(C)(C)c2ccc(OC(*)=O)c(CC)c2)cc1CC,0.751677022,0.840165997,-0.142667504,-0.797399137,0.525044807,-0.718399186
*CCc1ccc(*)cc1,0.101050954,0.176650409,-0.742405911,-1.266053281,0.130644111,-1.014700944
*CC(O)COc1ccc(C2CC(C(C)C)CCC2(C)c2ccc(O*)cc2)cc1,0.624230075,0.67369204,-0.347723327,-1.025820043,0.254586378,-0.985890539
*CCCS(=O)(=O)CCCCS(=O)(=O)CCCOC(=O)c1ccccc1C(=O)O*,-0.879204166,-1.032893348,-2.4179476,-3.255360745,-1.876148359,-3.366698417
*CC(*)(C)C,1.316032924,1.428183834,0.698273205,0.156323635,1.347736794,0.343142826
*c1ccc2c(c1)C(=O)N(c1c(C)cc(Cc3cc(C)c(N4C(=O)c5ccc(C(*)(C(F)(F)F)C(F)(F)F)cc5C4=O)c(C)c3)cc1C)C2=O,1.6419178,1.819724192,1.041392685,0.467192986,1.659119034,0.598580827
*Oc1cc2c(cc1O*)C1(CC2(C)C)CC(C)(C)c2cc3oc4cc5c(=O)n(-c6c(C)c(C)c(N7C(=O)c8cc(*)c(*)cc8C7=O)c(C)c6C)c(=O)c5cc4oc3cc21,2.414973348,2.72427587,2.176091259,1.672097858,3.041392685,1.886490725
*CC(CS(=O)(=O)CC)O*,-0.536190424,-0.633073452,-1.931665687,-2.728231187,-1.346934841,-2.792587239
*CC(*)OCc1ccccc1,1.071658928,1.217856082,0.367355921,-0.102372909,1.045322979,0.067094282
*C(F)(F)C(*)(F)Cl,0.708093003,0.612890346,-0.405334872,-1.07791072,0.035145454,-1.123622319
*Oc1c(C#N)c2c(c(C#N)c1O*)Oc1cc3c(cc1O2)-c1ccccc1C31c2ccccc2-c2cc(*)c(*)cc21,3.190327824,3.624245094,3.137640788,2.52810482,3.872252113,2.663318959
*CC(COc1ccc(C(C)(C)c2ccc(O*)cc2)cc1)OC(C)=O,0.442868103,0.469457828,-0.595277477,-1.291889664,0.00428483,-1.268258936
*Oc1ccc(C2(c3ccc(OC(*)=O)c(C)c3)CCCCC2)cc1C,0.176687083,0.169707719,-0.958607315,-1.682394256,-0.363077303,-1.682684887
*CCc1ccc(*)c(Br)c1,-0.04658673,-0.347723327,-1.626909847,-3.16650047,-1.450818588,-3.529772589
*C*,1.20450077,1.401766994,0.638059627,0.110512879,1.257547285,0.306305512
*C(=O)c1ccc2c(c1)C(=O)N(c1c(C)c(C)c(N3C(=O)c4ccc(*)cc4C3=O)c(C)c1C)C2=O,1.810376409,2.033423755,1.071882007,0.4403482,1.676376692,0.443347134
*Oc1ccc(S(=O)(=O)c2ccc(Oc3ccc(C(C)(C)c4ccc(*)cc4)cc3)cc2)cc1,1.09383783,1.126528119,0.102441267,-0.652253132,0.658267872,-0.696781195
*CC(COc1ccc(C(C)(C)c2ccc(O*)cc2)cc1)OC(=O)CC,0.486322451,0.518392367,-0.535963476,-1.228139354,0.064257108,-1.200603438
*C(Cl)=C(*)c1ccccc1,1.541579244,1.651278014,0.903089987,0.230448921,1.785329835,0.414973348
*CC(*)C(=O)OC,1.093421685,1.025305865,0.025305865,-0.619788758,0.981365509,-0.537602002
*c1ccc2c(c1)C(=O)N(c1c(C)cc(C(c3ccccc3)(c3cc(C)c(N4C(=O)c5ccc(C(*)(C(F)(F)F)C(F)(F)F)cc5C4=O)c(C(C)C)c3)C(F)(F)F)cc1C(C)C)C2=O,2.137978255,2.378344697,1.718501689,1.194945424,2.343742707,1.370913605
*C(C)=C(*)[Si](C)(C)CCCCCCCC,1.568201724,1.672097858,1.361727836,1.278753601,2.0,1.113943352
*c1c(C)c(C)c(N2C(=O)c3cc4c(cc3C2=O)C2(CC(C)(C)c3cc5c(cc32)C(=O)N(*)C5=O)CC4(C)C)c(C)c1C,2.83325899,3.199975237,2.765259928,2.298188572,3.547165675,2.507889378
*NC(CCCCNC(=O)OCc1ccccc1)C(*)=O,-0.341227388,-0.366531544,-1.698970004,-2.522878745,-1.0,-2.586302522
*/C(=C(\*)c1ccc(C(C)C)cc1)c1ccccc1,2.656669204,2.955953675,2.477121255,2.176091259,3.041392685,2.439612092
*C(=O)Nc1ccc(Cc2ccc(NC(=O)c3ccc4c(c3)C(=O)N(c3c(C)cc(-c5cc(C)c(N6C(=O)c7ccc(*)cc7C6=O)c(C)c5)cc3C)C4=O)c(C)c2)cc1C,0.875991827,0.990777709,0.041392685,-0.595868759,0.740362689,-0.492926349
*c1ccc(Oc2ccc(-c3ccc(-c4ccc(-c5ccc(Oc6ccc(N7C(=O)c8ccc(C(c9ccc%10c(c9)C(=O)N(*)C%10=O)(C(F)(F)F)C(F)(F)F)cc8C7=O)cc6)c(C(F)(F)F)c5)cc4)cc3)cc2C(F)(F)F)cc1,2.258896163,2.281668513,1.232487866,0.492760389,1.563599729,0.178976947
*CC(COc1ccc(C(C)(C)c2ccc(O*)cc2)cc1)OC(=O)CCl,-0.077064526,-0.11604546,-1.304971347,-2.054664108,-0.713285341,-2.077759083
*Oc1c(C#N)c2c(c(C#N)c1O*)Oc1cc3c(cc1O2)-c1cc2c(cc1C31c3cc(*)c(*)cc3-c3cc4c(cc31)C(C)(C)CCC4(C)C)C(C)(C)CCC2(C)C,3.122400711,3.496724729,3.095445858,2.618771869,3.858627157,2.899670275
*Oc1ccc(S(=O)(=O)c2ccc(Oc3c(C)cc(C4CCC(C(C)(C)c5cc(C)c(*)c(C)c5)CC4C)cc3C)cc2)cc1,1.683947131,1.896602003,1.153929058,0.600396811,1.812913357,0.771385799
*N=P(N=P(N=S(*)(=O)NCCC)(NCCC)NCCC)(NCCC)NCCC,1.407373714,1.555600869,0.721246399,0.1231018,1.33541971,0.233411454
*C=C(*)c1cc(C(F)(F)F)sc1C(F)(F)F,2.723035803,2.813432795,1.857332496,1.342422681,2.255272505,1.079181246
*NC(CCCCSC)C(*)=O,0.349499548,0.482873584,-0.387216143,-1.045757491,0.63447727,-0.759964122
*N=P(N=P(N=S(*)(=O)NCCCCCC)(NCCCCCC)NCCCCCC)(NCCCCCC)NCCCCCC,1.759560509,1.952203266,1.201971778,0.639782371,1.82148026,0.781742617
*/C(=C(\*)c1ccc([Si](C)(C)C)cc1)c1ccccc1,3.123231539,3.476887005,3.079181246,2.740362689,3.662757832,3.016863061
*/C(=C(\*)c1ccc(-c2ccc(C(C)(C)C)cc2)cc1)c1ccccc1,2.322711135,2.640970967,2.26445835,1.820240719,3.064199635,2.247077297
*c1ccc(Oc2ccc(-c3ccc(Oc4ccc(N5C(=O)c6ccc(Oc7cccc(C(C)(C)c8cccc(Oc9ccc%10c(c9)C(=O)N(*)C%10=O)c8)c7)cc6C5=O)cc4)cc3C)c(C)c2)cc1,0.152662784,0.142653625,-0.991399828,-1.71763944,-0.396233753,-1.720089106
*CC1CC(*)OCO1,0.113943352,-0.007661113,-1.24295555,-2.031592687,-0.795880017,-2.166660665
*c1ccc(-c2ccc(Oc3ccc(C4(c5ccc(Oc6ccc(-c7ccc(-n8c(=O)c9cc%10c(=O)n(*)c(=O)c%10cc9c8=O)cc7)cc6C(F)(F)F)cc5)c5ccccc5C(=O)N4c4ccccc4)cc3)c(C(F)(F)F)c2)cc1,1.858477723,1.974609007,0.881954971,0.079181246,1.59736605,-0.102372909
*OC(=O)C(*)C,0.448612684,0.464796794,-0.619422494,-1.369555773,-0.036075071,-1.372673434
*c1ccc(Oc2ccc(-c3cccc(-c4ccc(Oc5ccc(N6C(=O)c7ccc(C(c8ccc9c(c8)C(=O)N(*)C9=O)(C(F)(F)F)C(F)(F)F)cc7C6=O)cc5)c(C(F)(F)F)c4)n3)cc2C(F)(F)F)cc1,1.799674113,1.960270574,1.084576278,0.281033367,1.715334684,0.290034611
*C=Cc1ccc(*)cc1[Si](C)(C)C(C)(C)C,1.494883123,1.6446626,0.812913357,0.176091259,1.414973348,0.270604977
*CC(*)OC1C2CC3CC(C2)CC1C3,1.431928904,1.590544289,0.778874472,0.227886705,1.401400541,0.360860601
*COC(=O)NCCCCCCNC(=O)OCc1cccc(*)n1,-0.679164353,-0.800831622,-2.148741651,-3.0,-1.573915191,-3.09580517
*CCOCCOC(=O)c1cccc(C(=O)O*)c1,-0.334203715,-0.405613439,-1.655959333,-2.431903756,-1.068168651,-2.478107512
*Oc1ccc(S(=O)(=O)c2ccc(Oc3c(C)cc(C(C)(C)c4cc(C)c(*)c(C)c4)cc3C)cc2)cc1,1.584331224,1.673422668,0.807053574,0.181457033,1.322219295,0.208983362
*Oc1c(Br)cc(C2(c3cc(Br)c(OC(=O)c4cc(C(*)=O)cc(C(C)(C)C)c4)c(Br)c3)CC(C)CC(C)(C)C2)cc1Br,1.751032808,1.942600104,1.190331698,0.627271687,1.809710997,0.768465559
*c1cccc(N2C(=O)c3ccc(Oc4ccc(C(C)(C)c5ccc(Oc6ccc7c(c6)C(=O)N(*)C7=O)cc5)cc4)cc3C2=O)c1,0.749680648,0.67300112,-0.434351102,-1.2310086,0.121595383,-1.291081103
*CCc1ccc(*)c(CC)c1,0.621285928,0.633141662,-0.301591606,-1.047639438,0.275347645,-0.980673302
*CC(*)OC(=O)C1CCCCC1,1.108425289,1.217530271,0.311310192,-0.317961899,0.916980047,-0.236206275
*c1ccc2c(c1)C(=O)N(c1ccc(C(c3ccccc3)(c3ccc(N4C(=O)c5ccc(C(*)(C(F)(F)F)C(F)(F)F)cc5C4=O)cc3)C(F)(F)F)cc1)C2=O,1.303735892,1.438892892,0.579783597,-0.028941518,1.19238693,0.072054334
*C(C)=C(*)c1ccc([Si](C)(C)C)cc1,2.431363764,2.707570176,2.380211242,2.0,2.977723605,2.301029996
*c1ccc2c(c1)C(=O)N(c1c(CC)cc(Cc3cc(CC)c(N4C(=O)c5ccc(C(*)(C(F)(F)F)C(F)(F)F)cc5C4=O)c(CC)c3)cc1CC)C2=O,1.805602487,2.004051771,1.264817823,0.707328899,1.885023781,0.85342688
*CC(*)C(=O)OCCCCCCCCCC,1.755874856,1.967079734,1.677606953,1.278753601,2.416640507,1.679427897
*CC(*)[Si](C)(C)C,2.093844954,2.303056072,1.596455557,1.019846546,2.254927203,1.201615402
*OC(C)CC(*)=O,0.229056173,0.221895485,-0.896170913,-1.617528989,-0.318758763,-1.621201904
*C(C)=C(*)[Si](C)(C)c1ccccc1,0.919078092,1.146128036,0.643452676,0.079181246,1.575187845,0.230448921
*/C(=C(\*)c1ccc2c(c1)C(C)(C)CCC2(C)C)c1ccccc1,3.544068044,3.886490725,3.591064607,3.431363764,4.056904851,3.819543936
*Oc1ccc(C(C)(C)c2ccc(OC(*)=O)c(C(C)C)c2)cc1C(C)C,1.047809651,1.174317376,0.26245109,-0.36174998,0.936513742,-0.255330731
*CC(*)C(=O)OCCCCCCCCCCCCCCCCCC,1.837588438,2.053078443,1.875061263,1.463892989,2.631443769,1.958085849
*CC(CS(=O)(=O)CCCC)O*,0.678176177,0.734441489,-0.274088368,-0.946677658,0.329038551,-0.901900085
*Oc1cc2c(cc1O*)C1(CC2(C)CC)c2cc3c(cc2C(C)(CC)C1C)Oc1c(C#N)c(*)c(*)c(C#N)c1O3,2.944482672,3.322219295,2.913813852,2.505149978,3.785329835,2.763427994
*Oc1ccc(-c2c(-c3ccccc3)c(-c3ccccc3)c(-c3ccc4c(c3)Oc3c(C#N)c(*)c(*)c(C#N)c3O4)c(-c3ccccc3)c2-c2ccccc2)cc1O*,2.639317707,2.992288227,2.534470816,2.046882097,3.391008449,2.311410039
*CC(O)COc1ccc(Cc2ccc(O*)cc2)cc1,-0.297603724,-0.364397686,-1.606001342,-2.378209227,-1.017656219,-2.421123787
*c1ccc(Oc2ccc(-c3ccc(-c4ccc(Oc5ccc(N6C(=O)c7ccc(C(c8ccc9c(c8)C(=O)N(*)C9=O)(C(F)(F)F)C(F)(F)F)cc7C6=O)cc5)c(C(F)(F)F)c4)s3)cc2C(F)(F)F)cc1,1.819027124,1.961063201,1.066325925,0.250420002,1.656194062,0.225309282
*C=CCC*,1.881909441,2.167106657,1.62939875,1.201691205,2.399409005,1.543342098
*CC(*)OC(C)=O,0.737045294,0.788560337,-0.216605363,-0.88988199,0.371143702,-0.854546723
*Oc1c(C#N)c2c(c(C#N)c1O*)Oc1cc3c(cc1O2)-c1ccccc1C31c2cc(*)c(*)cc2-c2cc(C)c(C)cc21,3.199245173,3.632411272,3.122299351,2.503012553,3.861584119,2.668973099
*OC1OC(OC(C)=O)C(*)C(OC(C)=O)C1OC(C)=O,1.050185273,0.917528051,-0.363383583,-1.105209644,0.446603377,-1.085348114
*CC(*)O,0.914611275,0.994727565,0.149876731,-0.4602309,0.793091312,-0.316750042
*c1ccc2c(c1)C(=O)N(c1ccc(C(=O)Nc3ccc(C(c4ccc(NC(=O)c5ccc(N6C(=O)c7ccc(C(*)(C(F)(F)F)C(F)(F)F)cc7C6=O)cc5)cc4)(C(F)(F)F)C(F)(F)F)cc3)cc1)C2=O,1.28851688,1.476747109,0.633468456,0.047958608,1.397940009,0.213731445
*Oc1cc2c(cc1O*)C1(CC2(C)C)CC(C)(C)c2cc3oc4cc5c(=O)n(-c6c(C)cc(-c7cc(C)c(N8C(=O)c9cc(*)c(*)cc9C8=O)c8ccccc78)c7ccccc67)c(=O)c5cc4oc3cc21,2.819543936,3.204119983,2.736396502,2.204119983,3.568201724,2.414973348
*CC(*)C(C)=O,0.602059991,0.679795236,-0.305204054,-0.953425183,0.318461378,-0.871521827
*c1ccc2c(c1)C(=O)N(c1c(C(C)C)cc(Cc3cc(C(C)C)c(N4C(=O)c5ccc(C(*)(C(F)(F)F)C(F)(F)F)cc5C4=O)c(C(C)C)c3)cc1C(C)C)C2=O,2.104658336,2.340822677,1.673020907,1.14606297,2.297757172,1.319036731
*CCC1CC(=O)N(*)C1=O,2.169327783,2.093564071,1.327971624,0.663512274,1.068334313,0.457336116
*c1ccc(Oc2ccc(S(=O)(=O)c3ccc(Oc4ccc(C5(*)OC(=O)c6ccccc65)cc4)cc3)cc2)cc1,0.77815125,1.255272505,0.0,-0.769551079,0.698970004,-0.853871964
*/C(=C(\*)c1ccc(CCCC)cc1)c1ccccc1,2.021143347,2.251947419,1.568201724,1.041392685,2.204119983,1.214871029
*c1ccc2c(c1)C(=O)N(c1cccc(C(=O)Nc3ccc(C(c4ccc(NC(=O)c5cccc(N6C(=O)c7ccc(C(*)(C(F)(F)F)C(F)(F)F)cc7C6=O)c5)cc4)(C(F)(F)F)C(F)(F)F)cc3)c1)C2=O,1.118920034,1.256031275,0.361727836,-0.254478301,1.041392685,-0.13970201
*c1ccc(C(C#N)(C(=O)OCCCC)C(*)(C#N)C(=O)OCCCC)cc1,1.65866865,1.847013684,1.091607866,0.56922714,1.71924891,0.72534072
*c1ccc2c(c1)C(=O)N(c1c(C)c(C)c(N3C(=O)c4ccc(C(*)(C(F)(F)F)C(F)(F)F)cc4C3=O)c(C)c1C)C2=O,2.359427171,2.63748973,1.939519253,1.408202161,2.561681382,1.545601003
*C(=O)Oc1c(C)cc(C(c2cc(C)c(OC(=O)c3ccc4c(c3)C(=O)N(c3c(C)cc(-c5cc(C)c(N6C(=O)c7ccc(*)cc7C6=O)c(C)c5)cc3C)C4=O)c(C)c2)(C(F)(F)F)C(F)(F)F)cc1C,1.761998828,2.007511921,1.276461804,0.738188985,2.041392685,0.943587022
*C(=O)Oc1ccc(C(c2ccc(OC(=O)c3ccc4c(c3)C(=O)N(c3c(C)cc(-c5cc(C)c(N6C(=O)c7ccc(*)cc7C6=O)c(C)c5)cc3C)C4=O)cc2)(C(F)(F)F)C(F)(F)F)cc1,1.576830718,1.797125701,1.021189299,0.463175352,1.77815125,0.649690012
*OC1C(C)(C)C(OC(*)=O)C1(C)C,1.875061263,1.931566984,1.071090072,0.436277685,1.505149978,0.40597516
*c1c(C)cc(C)c(-n2c(=O)c3cc4c(=O)n(*)c(=O)c4cc3c2=O)c1C,2.117554942,2.371067862,1.559906625,0.985414809,2.17449179,1.065481992
*CCC=C(*)Cl,1.151791732,1.32718094,0.545217131,-0.009016108,1.277026483,0.20781387
*CC(CO*)(CS(C)(=O)=O)CS(C)(=O)=O,-0.412040928,-0.493266995,-1.762205007,-2.546095929,-1.175593457,-2.599294819
*Oc1ccc(S(=O)(=O)c2ccc(Oc3c(C(C)C)cc(C(C)(C)c4cc(C(C)C)c(*)c(C(C)C)c4)cc3C(C)C)cc2)cc1,2.041392685,2.199316864,1.450641729,0.877589721,1.991226076,0.959704238
*CC(C)O*,1.137121043,1.160855143,-0.06868117,-0.84491604,0.185419169,-1.089613087
*CC(CS(C)(=O)=O)O*,-1.121077292,-1.291722603,-2.730020323,-3.586297658,-2.154149751,-3.703216769
*/C(=C(\*)c1ccccc1)c1ccccc1,3.089843507,3.43929093,3.079181246,2.86923172,3.62324929,3.180122092
*c1ccc2c(c1)C(=O)N(c1c(C)cc(C(c3ccccc3)(c3cc(C)c(N4C(=O)c5ccc(C(*)(C(F)(F)F)C(F)(F)F)cc5C4=O)c(C)c3)C(F)(F)F)cc1C)C2=O,1.909430463,2.120973883,1.40654018,0.859651185,2.028318997,1.015080058
*/C(=C(\*)c1ccc2c(c1)C(C)(C)c1ccccc1-2)c1cccc(F)c1,3.612783857,3.995635195,3.770852012,3.62324929,4.255272505,4.041392685
*Oc1ccc(*)cc1,1.894214532,2.026970539,1.228691921,0.535218955,1.825009828,0.606247132
*CC(O)COc1c(Cl)cc(C(C)(C)c2cc(Cl)c(O*)c(Cl)c2)cc1Cl,-0.302654479,-0.37008541,-1.612895485,-2.385619007,-1.024626874,-2.428987472
*CC(*)(F)F,0.176964369,0.090342113,-1.05141005,-1.801831165,-0.510013917,-1.857369253
*/C(=C(\*)c1ccc([Si](C)(C)C)cc1)c1ccc(-c2ccc(C(C)(C)C)cc2)cc1,2.748188027,3.079181246,2.792391689,2.397940009,3.51851394,2.86332286
*CC(COc1ccc(C2CCCC(CC)(c3ccc(O*)cc3)C2)cc1)OC(C)=O,0.442868103,0.469457828,-0.595277477,-1.291889664,0.00428483,-1.268258936
*/C(=C(\*)c1ccc(O[Si](C)(C)C(C)(C)C)cc1)c1ccc(F)cc1,2.244275359,2.481893914,2.127636253,1.734468903,2.887586693,2.135920803
*CO*,0.374259156,0.390049572,-0.691785365,-1.396324158,-0.09924882,-1.381416899
*/C(=C(\*)c1cccc(O)c1)c1ccc(C(C)(C)C)cc1,2.908485019,3.230448921,2.763427994,2.322219295,3.477121255,2.69019608
*N=P(N=P(N=S(*)(=O)NCC)(NCC)NCC)(NCC)NCC,1.071070156,1.176884806,0.262201208,-0.370277043,0.871279958,-0.290190574
*Oc1c(C#N)c2c(c(C#N)c1O*)Oc1cc3c(cc1O2)-c1cc(C)c(C)cc1C31c2cc(*)c(*)cc2-c2cc(C)c(C)cc21,3.361604655,3.794630665,3.270552378,2.640402964,3.968007914,2.785084596
*/C(=C(\*)c1ccc2c(c1)C(C)(C)c1ccccc1-2)c1ccc(C(C)(C)C)cc1,3.431363764,3.799340549,3.544068044,3.397940009,4.041392685,3.819543936
*Oc1ccc(C(C)(C)c2ccc(OC(=O)N(C)c3ccc(S(=O)(=O)c4ccc(N(C)C(*)=O)cc4)cc3)cc2)cc1,0.781755375,0.874774766,-0.077205061,-0.714695405,0.544033869,-0.627078934
*/C(=C(\*)c1ccc(-c2ccc([Si](C)(C)C)cc2)cc1)c1ccccc1,2.568201724,2.908485019,2.591064607,2.204119983,3.342422681,2.653212514
*c1ccc(-c2ccc(Oc3ccc(C4(c5ccc(Oc6ccc(-c7ccc(N8C(=O)c9ccc(C(c%10ccc%11c(c%10)C(=O)N(*)C%11=O)(C(F)(F)F)C(F)(F)F)cc9C8=O)cc7)cc6C(F)(F)F)cc5)c5ccccc5C(=O)N4c4ccccc4)cc3)c(C(F)(F)F)c2)cc1,2.015963878,2.130462838,1.009875634,0.23299611,1.731185708,0.004321374
*CC(CS(=O)(=O)CCCCC)O*,0.693699783,0.751922835,-0.252899069,-0.923903535,0.350463012,-0.877730874
*Oc1c(C)cc(*)cc1C,1.858012439,1.956226639,1.146735583,0.514884582,1.638554534,0.566586746
*CC(*)Cl,0.302095017,0.337072259,-0.857084141,-1.476494384,-0.244663097,-1.500202383
*C=Cc1ccc(*)cc1[Si](CC)(CC)CC,1.487183099,1.629213588,0.819543936,0.255272505,1.380211242,0.362533439
*c1cccc(N2C(=O)c3ccc(Oc4ccc5c(c4)C4(CC(C)(C)c6ccc(Oc7ccc8c(c7)C(=O)N(*)C8=O)cc64)CC5(C)C)cc3C2=O)c1,1.208836936,1.332025872,0.450249108,-0.168164359,1.061414846,-0.07569696
*/C(=C(\*)c1ccc2c(c1)C(C)(C)c1ccccc1-2)c1ccc(F)cc1,3.662757832,4.041392685,3.792391689,3.672097858,4.322219295,4.041392685
*C(C)=C(*)[Si](C)(C)CCCC,1.792391689,1.812913357,1.462397998,0.903089987,2.0,1.230448921
*/C(=C(\*)c1ccc2c(c1)C(C)(C)c1ccccc1-2)c1ccc(Br)cc1,3.531478917,3.939519253,3.698970004,3.544068044,4.230448921,3.968482949
*CC(O)COc1ccc(C(C)(C)c2ccc(O*)cc2)cc1,-0.154683685,-0.275983048,-1.509091329,-2.299344462,-1.119215157,-2.416636826
*CC1CC(*)OC(CCC)O1,0.824265239,0.892987284,-0.084826278,-0.745470273,0.509766478,-0.694725251
*/C(=C(\*)c1ccc([Si](C)(C)CCCCCCCC)cc1)c1ccc(CCCC)cc1,1.879477653,2.099922162,1.397940009,0.897627091,2.041392685,1.078023588
